coordinate,date,p,gene,branches,fel,kind,maf
leader 60,2021-02-22,0.666667,leader,0,8.01995e-05,negative,0.31520486220266164
nsp2 1,2021-02-22,0.666667,nsp2,0,0.0185478,negative,0.000674157303370837
nsp2 36,2021-02-22,0.666667,nsp2,0,2.5311e-08,negative,0.1748707574735896
nsp2 159,2021-02-22,0.0306781,nsp2,2,0.0202389,positive,0.0016848253397730995
nsp2 161,2021-02-22,0.666667,nsp2,0,0.0305295,negative,0.008199483320229128
nsp2 236,2021-02-22,0.666667,nsp2,0,0.0303005,negative,0.016174323261821888
nsp2 280,2021-02-22,0.0555503,nsp2,1,0.0399712,positive,0.0013478602718184352
nsp2 281,2021-02-22,0.666667,nsp2,0,0.0177278,negative,0.016623610019094737
nsp2 311,2021-02-22,0.666667,nsp2,0,0.0483497,negative,0.00134801168276788
nsp2 325,2021-02-22,0.04125,nsp2,2,0.0281696,positive,0.002696023365535871
nsp2 348,2021-02-22,0.666667,nsp2,0,0.0139952,negative,0.0011232168931820663
nsp2 539,2021-02-22,9.87484e-05,nsp2,1,0.032394,positive,0.0008986744551786607
nsp2 557,2021-02-22,0.666667,nsp2,0,0.0181522,negative,0.000786251825227402
nsp2 256,2021-02-22,0.000211035,nsp2,3,0.542565,,0.02607913669064743
nsp2 535,2021-02-22,0.00151523,nsp2,1,0.150915,,0.0007864284911807129
nsp2 538,2021-02-22,0.00149811,nsp2,1,0.161458,,0.0007863401482812726
nsp3 106,2021-02-22,0.666667,nsp3,0,3.85103e-08,negative,0.9919167009179339
nsp3 107,2021-02-22,6.63548e-08,nsp3,2,0.000912302,positive,0.004520547945205511
nsp3 110,2021-02-22,0.0486651,nsp3,2,0.0337816,positive,0.007674386734274341
nsp3 133,2021-02-22,0.0204631,nsp3,4,0.0128647,positive,0.008905329497191361
nsp3 134,2021-02-22,0.666667,nsp3,0,0.0463632,negative,0.0008219178082191636
nsp3 171,2021-02-22,0.0486032,nsp3,2,0.0337736,positive,0.0012328767123287454
nsp3 183,2021-02-22,0.0465436,nsp3,3,0.0321562,positive,0.17358542266063848
nsp3 207,2021-02-22,0.666667,nsp3,0,0.0211637,negative,0.0020556393038234644
nsp3 218,2021-02-22,0.0276225,nsp3,0,0.0179602,positive,0.009452054794520492
nsp3 226,2021-02-22,0.0458437,nsp3,1,0.0316082,positive,0.0012328767123287454
nsp3 238,2021-02-22,0.666667,nsp3,0,0.0408886,negative,0.006165228113440224
nsp3 290,2021-02-22,0.00416355,nsp3,3,0.002275,positive,0.0019178082191780854
nsp3 295,2021-02-22,0.0194382,nsp3,2,0.012171,positive,0.06931506849315072
nsp3 302,2021-02-22,0.666667,nsp3,0,0.0421991,negative,0.0005479452054794054
nsp3 340,2021-02-22,0.056035,nsp3,4,0.0396737,positive,0.00548095368594137
nsp3 352,2021-02-22,0.00578911,nsp3,3,0.00324407,positive,0.0017817982456140857
nsp3 357,2021-02-22,0.666667,nsp3,0,0.0413163,negative,0.006849315068493178
nsp3 447,2021-02-22,0.666667,nsp3,0,0.00397583,negative,0.0015070557610631363
nsp3 512,2021-02-22,0.666667,nsp3,0,0.00463285,negative,0.005479452054794498
nsp3 527,2021-02-22,0.666667,nsp3,0,0.000719579,negative,0.005068493150684916
nsp3 539,2021-02-22,0.666667,nsp3,0,4.74494e-05,negative,0.005479452054794498
nsp3 575,2021-02-22,0.666667,nsp3,0,0.038262,negative,0.0009591668950397203
nsp3 597,2021-02-22,0.666667,nsp3,0,0.0382,negative,0.0023297245443333336
nsp3 620,2021-02-22,0.666667,nsp3,0,0.0231293,negative,0.0004110152075627038
nsp3 623,2021-02-22,0.666667,nsp3,0,0.0165659,negative,0.002466091245376112
nsp3 654,2021-02-22,0.666667,nsp3,0,0.0422275,negative,0.0006851192107426574
nsp3 697,2021-02-22,0.0369599,nsp3,2,0.0248105,positive,0.00068493150684934
nsp3 822,2021-02-22,0.0553945,nsp3,4,0.0394317,positive,0.01219345115769288
nsp3 926,2021-02-22,0.0180126,nsp3,2,0.0111925,positive,0.0038371933671371705
nsp3 1050,2021-02-22,0.666667,nsp3,0,0.0260117,negative,0.0054802027675023846
nsp3 1089,2021-02-22,0.666667,nsp3,0,0.0254115,negative,0.17621266100301447
nsp3 1107,2021-02-22,0.666667,nsp3,0,4.75757e-05,negative,0.09236672605180207
nsp3 1189,2021-02-22,0.666667,nsp3,0,9.70405e-07,negative,0.31301369863013695
nsp3 1213,2021-02-22,0.666667,nsp3,0,0.0275041,negative,0.00068493150684934
nsp3 1288,2021-02-22,0.0452976,nsp3,3,0.031187,positive,0.003425596053713398
nsp3 1298,2021-02-22,0.666667,nsp3,0,0.016233,negative,0.002054794520547909
nsp3 1299,2021-02-22,0.666667,nsp3,0,0.0408941,negative,0.0008219178082191636
nsp3 1305,2021-02-22,0.0540254,nsp3,3,0.0380517,positive,0.0023297245443333336
nsp3 1306,2021-02-22,0.0204934,nsp3,4,0.0128776,positive,0.008769525897506125
nsp3 1314,2021-02-22,0.0622864,nsp3,2,0.0446921,positive,0.0030141115221262726
nsp3 1328,2021-02-22,0.0508542,nsp3,4,0.0354996,positive,0.003150684931506831
nsp3 1408,2021-02-22,0.666667,nsp3,0,0.0356847,negative,0.06906948060846918
nsp3 1431,2021-02-22,0.0122692,nsp3,5,0.00739546,positive,0.0030141115221262726
nsp3 1447,2021-02-22,0.0485928,nsp3,2,0.0337376,positive,0.006850253459377953
nsp3 1468,2021-02-22,0.666667,nsp3,0,0.0284219,negative,0.00068493150684934
nsp3 1492,2021-02-22,0.666667,nsp3,0,0.0353147,negative,0.02438690231538565
nsp3 1523,2021-02-22,0.666667,nsp3,0,0.0232877,negative,0.0026027397260274254
nsp3 1652,2021-02-22,0.666667,nsp3,0,0.00582898,negative,0.0021917808219178436
nsp3 1672,2021-02-22,0.666667,nsp3,0,0.0441367,negative,0.003973147006439248
nsp3 1682,2021-02-22,0.666667,nsp3,0,0.0203623,negative,0.01027538018906704
nsp3 1741,2021-02-22,0.666667,nsp3,0,0.0265321,negative,0.010958904109588996
nsp3 1820,2021-02-22,0.666667,nsp3,0,0.00784057,negative,0.0009589041095889872
nsp3 1855,2021-02-22,0.666667,nsp3,0,0.00554897,negative,0.008356164383561682
nsp3 1867,2021-02-22,0.0141429,nsp3,3,0.00857428,positive,0.004386566141192594
nsp3 312,2021-02-22,0.0128529,nsp3,2,0.133819,,0.00136986301369868
nsp3 1311,2021-02-22,0.0197526,nsp3,1,0.22345,,0.0008220304151254076
nsp3 1479,2021-02-22,6.48659e-05,nsp3,1,0.121078,,0.0002740101383751359
nsp3 1487,2021-02-22,0.0440213,nsp3,1,0.871617,,0.00013702384214853147
nsp3 1488,2021-02-22,8.11235e-05,nsp3,1,0.0770446,,0.00013700506918756794
nsp3 1936,2021-02-22,6.67009e-06,nsp3,2,0.457217,,0.0004110715264455944
nsp3 1939,2021-02-22,0.0284636,nsp3,1,0.683051,,0.00027404768429706294
nsp3 1943,2021-02-22,0.00610944,nsp3,1,0.11833,,0.0005481704810196275
nsp4 8,2021-02-22,0.666667,nsp4,0,0.0209824,negative,0.0009765625
nsp4 76,2021-02-22,0.666667,nsp4,0,0.0364486,negative,0.002819956616052055
nsp4 129,2021-02-22,0.666667,nsp4,0,0.0499519,negative,0.0016268980477223138
nsp4 143,2021-02-22,0.666667,nsp4,0,5.26395e-05,negative,0.038069414316702854
nsp4 172,2021-02-22,0.666667,nsp4,0,0.0417091,negative,0.0005422993492407713
nsp4 192,2021-02-22,0.666667,nsp4,0,0.0175247,negative,0.01041327692808336
nsp4 310,2021-02-22,0.666667,nsp4,0,0.0488619,negative,0.0010845986984815426
nsp4 380,2021-02-22,0.0442789,nsp4,3,0.0478666,positive,0.016379216834797705
nsp4 3,2021-02-22,0.0302793,nsp4,2,0.505135,,0.002169197396963085
nsp4 4,2021-02-22,0.0271779,nsp4,1,0.172219,,0.00032537960954448497
nsp4 11,2021-02-22,0.00455248,nsp4,3,0.764649,,0.00032541490400261885
nsp4 28,2021-02-22,0.00212432,nsp4,2,0.0926876,,0.00010848340203950535
nsp4 45,2021-02-22,0.00935717,nsp4,1,0.0563795,,0.0002169197396962863
nsp4 46,2021-02-22,0.00301287,nsp4,1,0.292955,,0.0005422993492407713
3C 18,2021-02-22,0.666667,3C,0,0.0368225,negative,0.007983601251483452
3C 252,2021-02-22,0.666667,3C,0,0.0480257,negative,0.0009709785305858087
nsp6 2,2021-02-22,0.666667,nsp6,0,0.00919005,negative,0.005244365097076598
nsp6 175,2021-02-22,0.666667,nsp6,0,0.0372245,negative,0.07833072974782418
nsp7 61,2021-02-22,0.666667,nsp7,0,0.031051,negative,0.004873096446700531
nsp8 6,2021-02-22,0.666667,nsp8,0,8.93255e-07,negative,0.02489959839357425
nsp8 11,2021-02-22,0.666667,nsp8,0,0.0372113,negative,0.00060240963855418
nsp8 12,2021-02-22,0.0131284,nsp8,1,0.0494647,positive,0.00060240963855418
nsp8 1,2021-02-22,0.0111113,nsp8,0,0.0896664,,0.00060240963855418
nsp8 5,2021-02-22,0.0439363,nsp8,0,0.427966,,0.00060240963855418
nsp8 54,2021-02-22,0.00333136,nsp8,1,0.465396,,0.0007028112449799506
nsp8 55,2021-02-22,0.0143026,nsp8,1,0.782751,,0.0007028112449799506
helicase 8,2021-02-22,0.666667,helicase,0,0.035906,negative,0.003578787550157281
helicase 81,2021-02-22,0.666667,helicase,0,0.0403417,negative,0.0023858583667715205
helicase 110,2021-02-22,0.666667,helicase,0,0.0231335,negative,0.00043388653867015847
helicase 144,2021-02-22,0.666667,helicase,0,0.0341248,negative,0.00032541490400261885
helicase 217,2021-02-22,0.666667,helicase,0,0.00379059,negative,0.014748942630951056
helicase 282,2021-02-22,0.666667,helicase,0,0.0148783,negative,0.011170155080793887
helicase 408,2021-02-22,0.666667,helicase,0,0.0186248,negative,0.0007591367530636051
helicase 420,2021-02-22,0.666667,helicase,0,0.0393299,negative,0.0004337924303220442
helicase 446,2021-02-22,0.0369369,helicase,3,0.0326196,positive,0.013230669124823735
helicase 460,2021-02-22,0.0324136,helicase,4,0.0238913,positive,0.04272855438672596
helicase 504,2021-02-22,0.0502362,helicase,3,0.0418475,positive,0.002277410259190926
helicase 552,2021-02-22,0.666667,helicase,0,0.0361296,negative,0.004772234273318854
helicase 562,2021-02-22,0.0037552,helicase,1,0.030679,positive,0.0004337924303220442
helicase 559,2021-02-22,0.048591,helicase,1,0.116241,,0.0008676789587852562
helicase 563,2021-02-22,0.000393336,helicase,1,0.0817188,,0.0004337924303220442
helicase 565,2021-02-22,0.0197833,helicase,1,0.0966875,,0.0004337924303220442
helicase 570,2021-02-22,0.027847,helicase,1,0.707097,,0.0004337924303220442
helicase 591,2021-02-22,0.000339099,helicase,2,0.192922,,0.000325485515894508
exonuclease 221,2021-02-22,0.666667,exonuclease,0,0.00819491,negative,0.001917775380558595
exonuclease 280,2021-02-22,0.666667,exonuclease,0,6.13833e-06,negative,0.09049502577010671
exonuclease 359,2021-02-22,0.666667,exonuclease,0,0.0381643,negative,0.00047944384513964877
exonuclease 2,2021-02-22,0.000182424,exonuclease,1,0.221725,,0.0013184705741340341
exonuclease 137,2021-02-22,1.242e-05,exonuclease,1,0.276695,,0.0008390267289943854
exonuclease 138,2021-02-22,0.02608,exonuclease,2,0.0622062,,0.001797914419273683
endornase 73,2021-02-22,0.666667,endornase,0,0.000238188,negative,0.04093945270415855
endornase 145,2021-02-22,0.666667,endornase,0,0.0114037,negative,0.0010773540185304853
endornase 216,2021-02-22,0.666667,endornase,0,0.000108432,negative,0.11096746390864043
endornase 234,2021-02-22,0.666667,endornase,0,0.0177062,negative,0.0031243266537384073
S 5,2021-02-22,0.00970225,S,7,0.00568242,positive,0.014616029711273515
S 18,2021-02-22,0.00992778,S,10,0.00581847,positive,0.16738505747126442
S 26,2021-02-22,0.0562898,S,4,0.0398652,positive,0.0019159382109926737
S 32,2021-02-22,0.666667,S,0,0.0474457,negative,0.0019159382109926737
S 55,2021-02-22,0.666667,S,0,0.0266442,negative,0.0031148915778124175
S 68,2021-02-22,0.666667,S,0,1.2812e-13,negative,0.23751507840772013
S 75,2021-02-22,0.00792144,S,5,0.00455646,positive,0.007910823444803983
S 80,2021-02-22,0.0514337,S,3,0.0359828,positive,0.01377740505570868
S 97,2021-02-22,0.666667,S,0,0.0054879,negative,0.0022749042145593368
S 98,2021-02-22,0.00266032,S,9,0.00140844,positive,0.07940119760479047
S 138,2021-02-22,0.00114625,S,8,0.000588409,positive,0.028619327026703334
S 139,2021-02-22,0.666667,S,0,0.00773938,negative,0.0009583133684715195
S 144,2021-02-22,0.0617973,S,3,0.04456,positive,0.01289213579716375
S 157,2021-02-22,0.0263242,S,3,0.0169867,positive,0.0049107677566175845
S 163,2021-02-22,0.666667,S,0,0.0235468,negative,0.002155946819978438
S 221,2021-02-22,0.666667,S,0,0.00440694,negative,0.001556886227544907
S 222,2021-02-22,5.25081e-09,S,26,1.66824e-09,positive,0.33345306513409967
S 276,2021-02-22,0.666667,S,0,0.0121302,negative,0.0028766630708377816
S 294,2021-02-22,0.666667,S,0,0.0184541,negative,0.0059865900383141435
S 302,2021-02-22,0.666667,S,0,0.0103292,negative,0.004191616766467066
S 306,2021-02-22,0.666667,S,0,0.0087143,negative,0.0033536950532997434
S 395,2021-02-22,0.666667,S,0,0.0380374,negative,0.002155430487366772
S 432,2021-02-22,0.666667,S,0,0.0472405,negative,0.001197318007662873
S 439,2021-02-22,0.00504343,S,5,0.00279723,positive,0.09113772455089819
S 452,2021-02-22,0.0569555,S,5,0.0403386,positive,0.01113505747126442
S 489,2021-02-22,0.666667,S,0,0.0406038,negative,0.001556699796431582
S 501,2021-02-22,3.12463e-07,S,9,4.20671e-05,positive,0.1842672413793104
S 515,2021-02-22,0.666667,S,0,0.0413306,negative,0.0009578544061302763
S 543,2021-02-22,0.666667,S,0,0.0267187,negative,0.002634099616858232
S 562,2021-02-22,0.666667,S,0,1.39913e-05,negative,0.017001915708812265
S 570,2021-02-22,0.0652537,S,3,0.0471367,positive,0.168502994011976
S 614,2021-02-22,0.0178782,S,4,0.0110793,positive,0.9938936781609196
S 618,2021-02-22,0.666667,S,0,0.00371079,negative,0.0003593675131767782
S 665,2021-02-22,0.666667,S,0,0.0295143,negative,0.0025143678160919336
S 677,2021-02-22,0.0322849,S,8,0.0213147,positive,0.009700598802395155
S 681,2021-02-22,0.0257458,S,5,0.0166026,positive,0.1912574850299401
S 688,2021-02-22,0.00243308,S,8,0.00127811,positive,0.006465517241379337
S 691,2021-02-22,0.666667,S,0,0.0377023,negative,0.0055089820359280894
S 795,2021-02-22,0.666667,S,0,0.0121982,negative,0.0009579691054963924
S 845,2021-02-22,0.0673324,S,3,0.0489125,positive,0.026101532567049834
S 940,2021-02-22,0.666667,S,0,0.0228014,negative,0.002634099616858232
S 1006,2021-02-22,0.666667,S,0,0.0182557,negative,0.003832335329341352
S 1078,2021-02-22,0.0344315,S,4,0.0229162,positive,0.00957969105496348
S 1101,2021-02-22,0.0481898,S,2,0.0334225,positive,0.0016762452107279557
S 1110,2021-02-22,0.666667,S,0,0.0403903,negative,0.0004789845527481962
S 1118,2021-02-22,0.0282118,S,2,0.0185405,positive,0.16958083832335324
S 1121,2021-02-22,0.666667,S,0,0.0414959,negative,0.006465517241379337
S 1146,2021-02-22,0.666667,S,0,0.0495214,negative,0.0053885762184169295
S 1176,2021-02-22,0.0610214,S,3,0.0436657,positive,0.009461077844311383
S 1187,2021-02-22,0.00967418,S,4,0.00575099,positive,0.003831417624521105
S 1188,2021-02-22,0.666667,S,0,0.0239316,negative,0.001436781609195359
S 1251,2021-02-22,0.666667,S,0,0.0382699,negative,0.0004790992933285665
S 1259,2021-02-22,0.0261763,S,2,0.0168822,positive,0.004072831816003819
S 145,2021-02-22,0.00387478,S,2,0.645274,,0.005871779508687891
M 53,2021-02-22,0.666667,M,0,0.00113807,negative,0.006031243820446952
M 70,2021-02-22,0.0545548,M,3,0.0384306,positive,0.004053786830136463
M 71,2021-02-22,0.666667,M,0,0.0137244,negative,0.0803836266561202
M 93,2021-02-22,0.666667,M,0,1.45638e-11,negative,0.32937568022162855
M 111,2021-02-22,0.666667,M,0,0.0071474,negative,0.0006921099466086211
M 112,2021-02-22,0.666667,M,0,0.0338635,negative,0.0049436424757761666
M 118,2021-02-22,0.666667,M,0,0.00660964,negative,0.07623096697646825
M 143,2021-02-22,0.666667,M,0,0.0233548,negative,0.003361676883527731
M 150,2021-02-22,0.666667,M,0,2.49976e-05,negative,0.07643627014733512
N 1,2021-02-22,0.666667,N,0,7.30071e-06,negative,0.0042423046566693046
N 2,2021-02-22,6.51734e-06,N,5,0.000478802,positive,0.014700078926598303
N 3,2021-02-22,2.10176e-12,N,8,5.12732e-06,positive,0.16949486977111283
N 13,2021-02-22,0.0128292,N,5,0.00769811,positive,0.004834254143646355
N 25,2021-02-22,0.0074594,N,3,0.00426888,positive,0.0029597474348855846
N 34,2021-02-22,0.0482845,N,2,0.0335135,positive,0.0026637726913969484
N 49,2021-02-22,0.0194254,N,2,0.0121567,positive,0.0004932912391475419
N 72,2021-02-22,0.0238931,N,3,0.0152829,positive,0.008681925808997626
N 86,2021-02-22,0.666667,N,0,0.00743444,negative,0.0014798737174427368
N 110,2021-02-22,0.666667,N,0,8.88596e-05,negative,0.0034530386740331265
N 135,2021-02-22,0.00394809,N,3,0.00214965,positive,0.0021704814522494065
N 137,2021-02-22,0.666667,N,0,0.0496659,negative,0.001775848460931373
N 144,2021-02-22,0.00521563,N,4,0.00289977,positive,0.015785319652723007
N 152,2021-02-22,0.00887025,N,3,0.00515664,positive,0.0037490134175216516
N 157,2021-02-22,0.666667,N,0,0.0161884,negative,0.0013812154696132284
N 162,2021-02-22,0.666667,N,0,0.0396657,negative,0.02200078926598259
N 173,2021-02-22,0.666667,N,0,0.00048382,negative,0.006807419100236745
N 186,2021-02-22,0.0637354,N,2,0.0460444,positive,0.0024664561957379316
N 193,2021-02-22,0.00558524,N,4,0.00312422,positive,0.00907655880031566
N 202,2021-02-22,1.30002e-06,N,5,0.00499695,positive,0.0047355958958168465
N 204,2021-02-22,0.0143513,N,9,0.134015,,0.3343528018942383
N 205,2021-02-22,0.000882265,N,4,0.000434222,positive,0.022494080505130243
N 211,2021-02-22,0.0649575,N,3,0.0468986,positive,0.027624309392265234
N 212,2021-02-22,0.0299031,N,2,0.0195987,positive,0.001775848460931373
N 215,2021-02-22,0.00795402,N,3,0.00457589,positive,0.0024664561957379316
N 220,2021-02-22,1.63396e-08,N,14,5.35148e-09,positive,0.324782951854775
N 226,2021-02-22,0.666667,N,0,0.0269602,negative,0.00039463299131803353
N 235,2021-02-22,0.0288609,N,3,0.0188237,positive,0.1710734017363852
N 238,2021-02-22,0.029794,N,2,0.0194936,positive,0.004636937647987338
N 248,2021-02-22,0.666667,N,0,0.0477861,negative,0.00029597474348852515
N 252,2021-02-22,0.0337425,N,2,0.0224129,positive,0.0016771902131018646
N 257,2021-02-22,0.666667,N,0,0.0153609,negative,0.0016771902131018646
N 274,2021-02-22,0.666667,N,0,0.000173312,negative,0.009865824782951838
N 291,2021-02-22,0.666667,N,0,0.00971427,negative,0.00128255722178372
N 292,2021-02-22,0.666667,N,0,0.0422076,negative,0.0023677979479084232
N 298,2021-02-22,0.666667,N,0,0.0289687,negative,0.0036503551696921432
N 302,2021-02-22,0.666667,N,0,0.00757046,negative,0.00453827940015783
N 315,2021-02-22,0.666667,N,0,0.00567746,negative,0.0013812154696132284
N 326,2021-02-22,0.0403837,N,2,0.0273938,positive,0.0047355958958168465
N 329,2021-02-22,0.666667,N,0,0.0145694,negative,0.009471191791633804
N 333,2021-02-22,0.666667,N,0,0.0183097,negative,0.0031570639305446013
N 346,2021-02-22,0.666667,N,0,0.00560813,negative,0.0021704814522494065
N 360,2021-02-22,0.666667,N,0,0.0289892,negative,0.0023677979479084232
N 363,2021-02-22,0.666667,N,0,0.0239923,negative,0.0016771902131018646
N 367,2021-02-22,0.666667,N,0,0.00436495,negative,0.0009865824782951949
N 376,2021-02-22,0.0325863,N,2,0.0215765,positive,0.07498026835043414
N 377,2021-02-22,0.000179781,N,7,8.11435e-05,positive,0.015292028413575354
N 392,2021-02-22,0.666667,N,0,0.0152896,negative,0.0014798737174427368
N 401,2021-02-22,0.0161236,N,3,0.00990969,positive,0.005623520126282533
ORF3a 43,2021-02-22,0.666667,ORF3a,0,0.00523817,negative,0.0038368336025847993
ORF3a 106,2021-02-22,0.666667,ORF3a,0,0.0075885,negative,0.07460878344270572
ORF3a 151,2021-02-22,0.0661598,ORF3a,2,0.0479019,positive,0.005754088431253801
ORF3a 155,2021-02-22,0.036421,ORF3a,2,0.024723,positive,0.027354395881699856
ORF3a 172,2021-02-22,0.000262811,ORF3a,9,0.000120798,positive,0.07409650716737326
ORF3a 173,2021-02-22,0.0193283,ORF3a,4,0.0120762,positive,0.013628104179285283
ORF3a 174,2021-02-22,0.062548,ORF3a,2,0.0448976,positive,0.0020189783969311037
ORF3a 207,2021-02-22,0.666667,ORF3a,0,0.00289074,negative,0.004340365398203261
ORF3a 223,2021-02-22,0.0317169,ORF3a,5,0.0209349,positive,0.015140809528616184
ORF3a 224,2021-02-22,0.0172644,ORF3a,4,0.0106599,positive,0.008276975875643466
ORF3a 268,2021-02-22,0.0571627,ORF3a,2,0.0405757,positive,0.0014132848778518614
ORF3a 273,2021-02-22,0.666667,ORF3a,0,0.0374235,negative,0.0015142337976983278
ORF7a 88,2021-02-22,0.0501385,ORF7a,2,0.0349568,positive,0.008205855536419837
ORF7a 119,2021-02-22,0.0228523,ORF7a,2,0.0145318,positive,0.000607779578606138
ORF7a 56,2021-02-22,0.0154746,ORF7a,1,0.219264,,0.0015569856757318146
ORF8 17,2021-02-22,0.666667,ORF8,0,0.000660191,negative,0.3181173131504257
ORF8 80,2021-02-22,0.666667,ORF8,0,0.000213309,negative,0.044927878931189436
ORF8 84,2021-02-22,0.0275806,ORF8,3,0.0178914,positive,0.00520710059171603
ORF8 119,2021-02-22,0.000400431,ORF8,3,0.260361,,0.0031926214969847377
ORF8 121,2021-02-22,0.0380907,ORF8,2,0.150741,,0.013867488443759624
RdRp 26,2021-02-22,0.0277627,RdRp,2,0.0183289,positive,0.00966850828729282
RdRp 295,2021-02-22,5.28249e-05,RdRp,1,0.00649061,positive,0.0002302025782688899
RdRp 323,2021-02-22,0.427111,RdRp,2,0.476371,,0.9941298342541437
RdRp 412,2021-02-22,0.666667,RdRp,0,0.0455051,negative,0.1555018416206262
RdRp 428,2021-02-22,0.666667,RdRp,0,0.0098672,negative,0.004373848987108686
RdRp 628,2021-02-22,0.666667,RdRp,0,0.00675684,negative,0.08252762430939231
RdRp 720,2021-02-22,0.00440093,RdRp,3,0.00452199,positive,0.08022559852670352
RdRp 776,2021-02-22,0.0565456,RdRp,1,0.0445547,positive,0.07999539594843463
RdRp 844,2021-02-22,0.666667,RdRp,0,0.000310858,negative,0.022559852670349878
RdRp 868,2021-02-22,0.666667,RdRp,0,0.0230051,negative,0.016114180478821405
RdRp 891,2021-02-22,0.666667,RdRp,0,0.0302488,negative,0.00989871086556171
RdRp 293,2021-02-22,0.0445155,RdRp,1,0.714084,,0.001035911602209949
RdRp 294,2021-02-22,0.00378088,RdRp,1,0.147101,,0.0021869244935542875
RdRp 296,2021-02-22,0.0227254,RdRp,1,0.961265,,0.0002302025782688899
methyltransferase 1,2021-02-22,0.666667,methyltransferase,0,0.020255,negative,0.01651917404129799
methyltransferase 188,2021-02-22,0.666667,methyltransferase,0,4.55731e-05,negative,0.07823008849557522
methyltransferase 199,2021-02-22,0.666667,methyltransferase,0,9.18124e-08,negative,0.3098525073746312
